id,left,right,operator,disposition,registry_relation,registry_decision,reason,source_ids,evidence_level
REL001,d8-native-root,d8-position,ne,preserve_distinct_views,faithful_descent,link_views_keep_domains,The manuscript supplies the rooted descent. Different ambient groups and selected roots remain part of each view.,COVER;MM,inherited_registry_statement_not_independently_reproved
REL002,d8-cover-root,d8-position,ne,preserve_distinct_views,faithful_descent,link_views_keep_domains,"The source reports an injective and onto rooted-stabilizer map, not identity of upstairs and downstairs points.",COVER;CENSUS_REPORT,inherited_registry_statement_not_independently_reproved
REL003,g-family-6,g60-native,eq,source_supported_alias,source_identified_graph,consolidate_entity_keep_census_view,Child G6 is source-identified with native G60. Preserve the explicit vertex-label crosswalk and the census view.,COVER,inherited_registry_statement_not_independently_reproved
REL004,k120-common-cover,g60-native,ne,preserve_distinct_views,canonical_double_cover,link_not_alias,The common cover has an extra sheet and a projection to the native graph; these are not aliases.,COVER,inherited_registry_statement_not_independently_reproved
REL005,q30-family,g30-original,ne,preserve_distinct_views,distinct_graphs,do_not_merge,The source explicitly identifies two different thirty-vertex line graphs.,COVER,inherited_registry_statement_not_independently_reproved
REL006,g1800-family,g900-associated,ne,preserve_distinct_views,quotient,link_not_alias,"The midpoint involution has two-point fibers. G900 is the associated quotient, not another name for G1800.",FRAMES,inherited_registry_statement_not_independently_reproved
REL007,g9000-registered,g1800-family,ne,preserve_distinct_views,five_registered_frames,link_not_alias,Five registered frames and their transport maps are additional structure over a local G1800 carrier.,FRAMES,inherited_registry_statement_not_independently_reproved
REL008,d5-face-kernel,face-stabilizer,ne,preserve_distinct_views,kernel_embedding,link_not_alias,The order-ten kernel is embedded in the order-eighty face stabilizer.,D5_KERNEL,inherited_registry_statement_not_independently_reproved
REL009,face-stabilizer,d8-face-blocks,ne,preserve_distinct_views,permutation_image,link_not_alias,The order-eighty stabilizer and order-eight image differ by the order-ten realization kernel.,FACE,inherited_registry_statement_not_independently_reproved
REL013,d8-surface-edges,d8-lifted-holonomy,ne,preserve_distinct_views,distinct_extension_levels,do_not_merge,"Before lifting, D8 contains edge values and V4 is the loop group. The lifted loop D8 is an upstairs object.",SURFACE,inherited_registry_statement_not_independently_reproved
REL014,d8-lifted-holonomy,d8-native-root,ne,preserve_distinct_views,extension_type_compatibility,same_type_not_elementwise_identity,The surface source limits the comparator match to extension type and retains nonuniqueness of the lift.,SURFACE;MM,inherited_registry_statement_not_independently_reproved
REL015,q8-lifted-holonomy,d8-lifted-holonomy,ne,preserve_distinct_views,nonisomorphic_alternatives,do_not_merge,The element-order profiles differ; the quaternionic branch has only one involution.,SURFACE,inherited_registry_statement_not_independently_reproved
REL016,d8-history-factor,history-coset-image,ne,preserve_distinct_views,factor_vs_action_image,link_keep_embedding,One is the embedded dihedral factor; the other is the faithful permutation image of Gamma on four cosets.,HISTORY_PHASE,inherited_registry_statement_not_independently_reproved
REL017,v4-native,v4-fp-kernel,ne,preserve_distinct_views,explicit_model_isomorphism,link_views_keep_coordinates,The full source isomorphism aligns the model kernel with native data; the group order alone would not.,FP,inherited_registry_statement_not_independently_reproved
REL020,c2-root-center,c2-native-double-deck,ne,preserve_distinct_views,distinct_native_permutations,do_not_merge,The relevant nonidentity native permutations fix four versus zero vertices.,MM,inherited_registry_statement_not_independently_reproved
REL021,c2-history-extra,c2-history-kernel,ne,preserve_distinct_views,distinct_embedded_subgroups,do_not_merge,The source explicitly distinguishes <z> and <r^2 z> inside the phase group.,HISTORY_PHASE,inherited_registry_statement_not_independently_reproved
REL022,c2-axis-central,c2-analyzer-sector,ne,preserve_distinct_views,central_sign_vs_sector_character,do_not_merge,The central sign and sector character belong to different order-120 groups with different centers.,SIGNED_AXIS,inherited_registry_statement_not_independently_reproved
REL023,c2-threefold-deck,d8-native-root,ne,preserve_distinct_views,nonisomorphic_group_types,do_not_merge,The elementary-abelian deck has no element of order four; D8 does.,COVER,inherited_registry_statement_not_independently_reproved
REL024,s3-abstract-klein,c2-register-parity,ne,preserve_distinct_views,full_abstract_vs_native_image,do_not_merge,"Native conjugation realizes only C2, not the full abstract Aut(V4)=S3.",ANALYZER;CORE,inherited_registry_statement_not_independently_reproved
REL025,s3-mode,c3-mode,ne,preserve_distinct_views,generated_subgroup,link_not_alias,The phase generator generates the order-three subgroup of the specified six-element event action.,MODE,inherited_registry_statement_not_independently_reproved
REL026,s5-native-quotient,s5-six-axes,ne,preserve_distinct_views,same_group_different_representation,link_views_keep_domains,The six-axis action is a representation of the same quotient group on a different domain.,CONF_ACTION,inherited_registry_statement_not_independently_reproved
REL027,signed-axis-extension,s5-analyzer-sectors,ne,preserve_distinct_views,nonisomorphic_groups_of_equal_order,do_not_merge,"The within-sector extension has a central global sign, while the sector S5 has trivial center.",SIGNED_AXIS,inherited_registry_statement_not_independently_reproved
REL029,x12-kernel,twelve-pair-descriptors,ne,preserve_distinct_views,points_vs_pair_partition,do_not_merge,"Twelve points are not twelve bins, each containing eight ordered pairs.",KERNEL,inherited_registry_statement_not_independently_reproved
REL030,twelve-face-phases,history-pentagon-space,ne,preserve_distinct_views,finite_set_vs_vector_space,do_not_merge,Twelve face-phase objects are not vectors in a twelve-dimensional pentagon coefficient space.,CONNECTION;HIST,inherited_registry_statement_not_independently_reproved
REL033,frame-difference,frame-hermitian-current,ne,preserve_distinct_views,scalar_complexification_relation,link_not_alias,"H5=iD5: one is real skew-symmetric, the other Hermitian after complexification.",CHAT,inherited_registry_statement_not_independently_reproved
REL034,frame-multiplier,frame-sector-exchange,ne,preserve_distinct_views,piecewise_operator_construction,link_not_alias,Z5 uses U2 and its inverse on opposite sectors; it is not the raw coordinate multiplier.,CHAT,inherited_registry_statement_not_independently_reproved
REL035,frame-multiplier,u2-face-envelope,ne,preserve_distinct_views,permutation_vs_continuous_group,do_not_merge,The coordinate permutation U_2 and continuous group U(2) have different types and domains.,CHAT;U2,inherited_registry_statement_not_independently_reproved
REL036,s1-residual-reflection,circle-space,ne,preserve_distinct_views,operator_vs_circle,do_not_merge,The reflection operator S_1 and circle S^1 are not variants of a single name.,RESIDUAL;U2,inherited_registry_statement_not_independently_reproved
REL037,s1-residual-reflection,r1-native-residual,ne,preserve_distinct_views,fiber_actor_vs_base_bundle_action,do_not_merge,The source explicitly says the native residual r1 is not the vertical S1 operator.,BUNDLE,inherited_registry_statement_not_independently_reproved
REL038,r1-native-residual,r1-history-class,ne,preserve_distinct_views,permutation_vs_homology_class,do_not_merge,A permutation and a primitive homology class cannot be identified from a shared r1 spelling.,BUNDLE;CORE,inherited_registry_statement_not_independently_reproved
REL039,frame-sector-exchange,residue-spaces,ne,preserve_distinct_views,operator_vs_residue_group,do_not_merge,The frame Z5 operator is not the integer residue group modulo five.,CHAT;KERNEL,inherited_registry_statement_not_independently_reproved
REL040,cochain-coboundaries,face-disagreement,ne,preserve_distinct_views,linear_map_vs_scalar_functional,do_not_merge,A degree-two incidence map and a quadratic scalar functional have different domains and codomains.,MAXWELL;FACE,inherited_registry_statement_not_independently_reproved
REL041,history-incidence,history-gram,ne,preserve_distinct_views,gram_construction,link_not_alias,"Taking a Gram matrix changes the size, domain and meaning of the incidence map.",HIST,inherited_registry_statement_not_independently_reproved
REL042,history-gram,history-contrast,ne,preserve_distinct_views,centering_relation,link_not_alias,Centering G_hist by subtracting 5I12 produces a different operator.,HIST,inherited_registry_statement_not_independently_reproved
REL043,history-sheet-grading,history-sheet-exchange,ne,preserve_distinct_views,grading_vs_exchange,do_not_merge,The raw receipt-family diagonal grading is not the spectral sheet-exchange observable.,CLIFF;CHAT,inherited_registry_statement_not_independently_reproved
REL044,u1-anchor-first,u1-anchor-second,ne,preserve_distinct_views,complementary_subgroups,do_not_merge,"The two anchor point stabilizers are differently embedded circles, with trivial intersection in the stated geometry.",CIRCLES,inherited_registry_statement_not_independently_reproved
REL045,u1-anchor-first,u1-face-center,ne,preserve_distinct_views,distinct_circle_subgroups,do_not_merge,A0 is not J; J is the sum of the two event-anchor Lie generators.,NEUTRAL,inherited_registry_statement_not_independently_reproved
REL049,s12-phase-set,twelve-face-phases,eq,source_supported_alias,same_source_phase_objects,consolidate_entity_keep_map_domain,The line-map source explicitly says the twelve phase states are the six face carriers with their two relative orientations.,LINES;CONNECTION,inherited_registry_statement_not_independently_reproved
REL050,t01-edge-connection,c10-native,ne,preserve_distinct_views,endpoint_indices_vs_actor_name,do_not_merge,The edge map T_10 is an involutory inverse of T_01; macro T10 is a separately defined decagonal native actor.,TWISTED;MACRO_EXCERPT,inherited_registry_statement_not_independently_reproved
REL051,p01-line-partitions,frame-common-projector,ne,preserve_distinct_views,partition_vs_projector,do_not_merge,P0/P1 partition local modes; P0_frame projects onto a frame-common linear subspace.,LINES;CHAT,inherited_registry_statement_not_independently_reproved
REL052,m4-mode-set,matrix-algebras,ne,preserve_distinct_views,finite_mode_set_vs_algebra,do_not_merge,"The four local modes are a finite factor of a 48-record domain, not a full matrix algebra.",LINES,inherited_registry_statement_not_independently_reproved
REL053,cochain-spaces,complex-spaces,ne,preserve_distinct_views,cochain_degree_vs_complex_dimension,do_not_merge,C^2 can indicate degree-two cochains or a complex doublet; superscript syntax alone cannot decide.,DYN_TARGETS;U2,inherited_registry_statement_not_independently_reproved
REL054,inertia-moments,identity-matrices,ne,preserve_distinct_views,physical_parameter_vs_identity_matrix,do_not_merge,"I1/I3 in the heavy-top calculation are inertia scalars, not identity matrices.",CONSERVATIVE,inherited_registry_statement_not_independently_reproved
REL056,history-primitive-family,r1-history-class,ne,preserve_distinct_views,selected_family_member,link_family_and_member,The visibility map selects r1 from the three primitive homology species.,HISTORY_CLASSES,inherited_registry_statement_not_independently_reproved
REL057,frame-sign-values,frame-current-sign,ne,preserve_distinct_views,eigenvalue_readout,link_not_alias,"r5 is an eigenvalue of R5, not the operator R5.",CORE;CHAT,inherited_registry_statement_not_independently_reproved
REL058,connection-doublet,c2-phase-residual,ne,preserve_distinct_views,companion_action,link_not_alias,The residual involution relates the two connection sheets; the group and the doublet are not one object.,TWISTED;RESIDUAL,inherited_registry_statement_not_independently_reproved
REL059,three-section-coordinate,x12-sections,ne,preserve_distinct_views,coordinate_factor,link_views_keep_domains,The older source explicitly supplies the product X12 ~= X3 x X4; a factor set is not the whole section object or its acting group.,OLDER_SECTION_SURFACE,inherited_registry_statement_not_independently_reproved
REL060,t10-native-macro,c10-native,ne,preserve_distinct_views,generates,link_not_alias,A named permutation generates its cyclic subgroup; the actor and the ten-element group remain distinct objects.,MACRO_EXCERPT;CONF_ACTION,inherited_registry_statement_not_independently_reproved
REL061,t10-native-macro,t01-edge-connection,ne,preserve_distinct_views,notation_collision,do_not_merge,"Native T10 is the decagonal macro actor. In the same-face connection source T_10 denotes the reverse edge and satisfies T_10=T_01^-1=T_01; numerical indices here identify endpoints, not a macro action.",MACRO_EXCERPT;TWISTED,inherited_registry_statement_not_independently_reproved
TYPE001,d5-history,frame-difference,ne,reviewed_type_separation,group_vs_linear_operator,new_encoding_guard_not_new_native_theorem,An order-ten finite group presentation is not the real linear operator D5_frame.,HISTORICAL_FIVEFOLD;CHAT,direct_type_or_order_deduction_from_registry
TYPE002,d5-face-kernel,frame-difference,ne,reviewed_type_separation,group_vs_linear_operator,new_encoding_guard_not_new_native_theorem,A face-action kernel subgroup is not the real linear operator D5_frame.,D5_KERNEL;CHAT,direct_type_or_order_deduction_from_registry
TYPE003,d5-face-kernel,d8-face-blocks,ne,reviewed_type_separation,unequal_recorded_group_orders,new_encoding_guard_not_new_native_theorem,The source records kernel order 10 and permutation-image order 8; they are not aliases.,D5_KERNEL;FACE,direct_type_or_order_deduction_from_registry
