lookup_key,occurrences,source_files,candidate_structure_ids,review_states
A0,29,8,anchor-circle-generators;binary-analyzer-local;fusion-adjacencies,"{""ambiguous"": 29}"
A1,30,8,anchor-circle-generators;binary-analyzer-local;fusion-adjacencies,"{""ambiguous"": 30}"
a1,2,1,wxyz-a-variables,"{""single-candidate"": 2}"
A15,6,4,adjacency-g15,"{""single-candidate"": 6}"
A15^2,1,1,power-expression,"{""derived-notation"": 1}"
A15^3,4,4,power-expression,"{""derived-notation"": 4}"
A2,9,7,fusion-adjacencies;source-path-fragments,"{""explicit-metadata"": 7, ""single-candidate"": 2}"
a2,1,1,wxyz-a-variables,"{""single-candidate"": 1}"
A3,8,7,a3-mode-subgroup;a3-root-target;fusion-adjacencies;source-path-fragments,"{""explicit-metadata"": 3, ""ambiguous"": 5}"
A4,8,4,a4-kernel-color,"{""single-candidate"": 8}"
A5,21,14,a5-axis-base,"{""single-candidate"": 21}"
a5,8,3,source-path-fragments,"{""explicit-metadata"": 4, ""single-candidate"": 4}"
A60,2,1,adjacency-g60,"{""single-candidate"": 2}"
a^2,4,4,power-expression,"{""superscript-review"": 4}"
B0,6,2,binary-analyzer-local,"{""single-candidate"": 6}"
B1,8,3,binary-analyzer-local;causal-golden-b,"{""ambiguous"": 8}"
b1,1,1,b1-betti,"{""single-candidate"": 1}"
B1^2,1,1,power-expression,"{""derived-notation"": 1}"
B2,2,1,causal-golden-b,"{""single-candidate"": 2}"
B2^2,1,1,power-expression,"{""derived-notation"": 1}"
b^2,4,4,power-expression,"{""superscript-review"": 4}"
C0,1,1,chain-groups,"{""single-candidate"": 1}"
C1,1,1,chain-groups,"{""single-candidate"": 1}"
C10,4,3,c10-native,"{""single-candidate"": 4}"
C107,1,1,source-audit-codes,"{""explicit-metadata"": 1}"
C2,106,41,c2-analyzer-sector;c2-axis-central;c2-cover-extra;c2-history-extra;c2-history-kernel;c2-history-word;c2-native-double-deck;c2-phase-residual;c2-register-parity;c2-root-center;chain-groups;complex-spaces,"{""ambiguous"": 106}"
C20,12,5,c20-registered,"{""single-candidate"": 12}"
C2^3,10,6,c2-threefold-deck,"{""single-candidate"": 10}"
C3,30,15,c3-kernel;c3-mode;c3-section,"{""ambiguous"": 30}"
c3,1,1,source-path-fragments,"{""single-candidate"": 1}"
C4,26,16,c4-crown-loop;c4-face-complex;c4-g1800;c4-history-companion;c4-native-exchange;census-c4;complex-spaces,"{""ambiguous"": 26}"
c4,23,11,source-path-fragments,"{""explicit-metadata"": 23}"
c412038,1,1,source-path-fragments,"{""explicit-metadata"": 1}"
c4306,1,1,source-path-fragments,"{""explicit-metadata"": 1}"
c46011,1,1,source-path-fragments,"{""explicit-metadata"": 1}"
c46013,1,1,source-path-fragments,"{""explicit-metadata"": 1}"
c46017,1,1,source-path-fragments,"{""explicit-metadata"": 1}"
C5,51,9,c5-analyzer;c5-frame;c5-history,"{""ambiguous"": 51}"
c5,5,2,source-path-fragments,"{""single-candidate"": 5}"
C6,1,1,c6-cycle-graph;complex-spaces;wxyz-six-position,"{""ambiguous"": 1}"
C^0,1,1,cochain-spaces,"{""superscript-review"": 1}"
C^1,1,1,cochain-spaces,"{""superscript-review"": 1}"
C^2,10,6,cochain-spaces;complex-spaces,"{""superscript-review"": 10}"
c^2,4,2,power-expression,"{""derived-notation"": 4}"
C^3,2,2,cochain-spaces,"{""superscript-review"": 2}"
c^3,4,1,power-expression,"{""derived-notation"": 4}"
CP1,2,1,cp1-line-space,"{""single-candidate"": 2}"
D0,8,3,cochain-coboundaries,"{""single-candidate"": 8}"
d0,2,2,d0-section-sign,"{""single-candidate"": 2}"
D1,8,3,cochain-coboundaries,"{""single-candidate"": 8}"
d1,2,1,d1-tick-depth,"{""single-candidate"": 2}"
D10,3,1,d10-decagon,"{""single-candidate"": 3}"
D2,9,4,cochain-coboundaries;face-disagreement,"{""ambiguous"": 9}"
d4,1,1,d34-move-labels,"{""single-candidate"": 1}"
D5,119,18,d5-face-kernel;d5-history;frame-difference,"{""ambiguous"": 119}"
d5,11,8,source-path-fragments,"{""explicit-metadata"": 9, ""single-candidate"": 2}"
D6,292,2,source-draft-codes,"{""explicit-metadata"": 286, ""source-locator-candidate"": 6}"
d6,288,2,source-draft-codes,"{""explicit-metadata"": 286, ""source-locator-candidate"": 2}"
D8,88,29,d8-charge-center-locator;d8-cover-root;d8-face-blocks;d8-fiber-product;d8-history-factor;d8-lifted-holonomy;d8-native-root;d8-position;d8-section-square;d8-selected-face-operators;d8-surface-edges;history-coset-image,"{""ambiguous"": 88}"
d8,970,2,d8-fiber-product;source-path-fragments,"{""explicit-metadata"": 1, ""single-candidate"": 969}"
E00,1,1,correlation-entries,"{""single-candidate"": 1}"
E01,7,7,correlation-entries;source-equation-codes,"{""explicit-metadata"": 6, ""single-candidate"": 1}"
E02,6,6,source-equation-codes,"{""explicit-metadata"": 6}"
E03,6,6,source-equation-codes,"{""explicit-metadata"": 6}"
E04,6,6,source-equation-codes,"{""explicit-metadata"": 6}"
E05,6,6,source-equation-codes,"{""explicit-metadata"": 6}"
E06,6,6,source-equation-codes,"{""explicit-metadata"": 6}"
E07,6,6,source-equation-codes,"{""explicit-metadata"": 6}"
E08,6,6,source-equation-codes,"{""explicit-metadata"": 6}"
E09,6,6,source-equation-codes,"{""explicit-metadata"": 6}"
E1,6,3,event-index-family;frame-character-blocks,"{""ambiguous"": 6}"
e1,11,8,basis-vector-family;event-index-family,"{""ambiguous"": 11}"
E10,7,7,correlation-entries;source-equation-codes,"{""explicit-metadata"": 6, ""single-candidate"": 1}"
E11,7,7,correlation-entries;source-equation-codes,"{""explicit-metadata"": 6, ""single-candidate"": 1}"
E12,6,6,source-equation-codes,"{""explicit-metadata"": 6}"
E13,6,6,source-equation-codes,"{""explicit-metadata"": 6}"
E14,7,6,source-equation-codes,"{""explicit-metadata"": 7}"
E15,6,6,source-equation-codes,"{""explicit-metadata"": 6}"
E16,6,6,source-equation-codes,"{""explicit-metadata"": 6}"
E17,6,6,source-equation-codes,"{""explicit-metadata"": 6}"
E18,6,6,source-equation-codes,"{""explicit-metadata"": 6}"
E19,6,6,source-equation-codes,"{""explicit-metadata"": 6}"
E2,39,10,e2-face-plane;event-index-family;frame-character-blocks,"{""ambiguous"": 39}"
e2,6,4,basis-vector-family;event-index-family,"{""ambiguous"": 6}"
E20,6,6,source-equation-codes,"{""explicit-metadata"": 6}"
E21,6,6,source-equation-codes,"{""explicit-metadata"": 6}"
E22,6,6,source-equation-codes,"{""explicit-metadata"": 6}"
E23,6,6,source-equation-codes,"{""explicit-metadata"": 6}"
E24,7,6,source-equation-codes,"{""explicit-metadata"": 7}"
E25,6,6,source-equation-codes,"{""explicit-metadata"": 6}"
E26,7,6,source-equation-codes,"{""explicit-metadata"": 7}"
E27,6,6,source-equation-codes,"{""explicit-metadata"": 6}"
E28,6,6,source-equation-codes,"{""explicit-metadata"": 6}"
E29,7,6,source-equation-codes,"{""explicit-metadata"": 7}"
e3,9,2,basis-vector-family;event-index-family,"{""ambiguous"": 9}"
E30,7,6,source-equation-codes,"{""explicit-metadata"": 7}"
E31,6,6,source-equation-codes,"{""explicit-metadata"": 6}"
E32,6,6,source-equation-codes,"{""explicit-metadata"": 6}"
E33,6,6,source-equation-codes,"{""explicit-metadata"": 6}"
E34,6,6,source-equation-codes,"{""explicit-metadata"": 6}"
E35,6,6,source-equation-codes,"{""explicit-metadata"": 6}"
E36,6,6,source-equation-codes,"{""explicit-metadata"": 6}"
E37,6,6,source-equation-codes,"{""explicit-metadata"": 6}"
E38,6,6,source-equation-codes,"{""explicit-metadata"": 6}"
E39,6,6,source-equation-codes,"{""explicit-metadata"": 6}"
E40,6,6,source-equation-codes,"{""explicit-metadata"": 6}"
E42,6,6,source-equation-codes,"{""explicit-metadata"": 6}"
E43,6,6,source-equation-codes,"{""explicit-metadata"": 6}"
E44,6,6,source-equation-codes,"{""explicit-metadata"": 6}"
E45,6,6,source-equation-codes,"{""explicit-metadata"": 6}"
E46,6,6,source-equation-codes,"{""explicit-metadata"": 6}"
E47,6,6,source-equation-codes,"{""explicit-metadata"": 6}"
E48,6,6,source-equation-codes,"{""explicit-metadata"": 6}"
E49,6,6,source-equation-codes,"{""explicit-metadata"": 6}"
E50,6,6,source-equation-codes,"{""explicit-metadata"": 6}"
E51,6,6,source-equation-codes,"{""explicit-metadata"": 6}"
E52,6,6,source-equation-codes,"{""explicit-metadata"": 6}"
F0,103,4,kernel-forward,"{""single-candidate"": 103}"
F1,109,9,kernel-forward;source-equation-codes,"{""single-candidate"": 106, ""explicit-metadata"": 3}"
F10,2,1,petersen-f10,"{""single-candidate"": 2}"
F2,30,16,binary-field;source-equation-codes,"{""single-candidate"": 27, ""explicit-metadata"": 3}"
F2^2,4,2,binary-vector-spaces,"{""single-candidate"": 4}"
F2^3,1,1,binary-vector-spaces,"{""single-candidate"": 1}"
F2^4,8,2,binary-vector-spaces,"{""single-candidate"": 8}"
F3,3,3,source-equation-codes,"{""explicit-metadata"": 3}"
F4,3,3,source-equation-codes,"{""explicit-metadata"": 3}"
F5,3,3,source-equation-codes,"{""explicit-metadata"": 3}"
F6,3,3,source-equation-codes,"{""explicit-metadata"": 3}"
F7,4,3,source-equation-codes,"{""explicit-metadata"": 4}"
F8,5,4,source-equation-codes,"{""unresolved"": 1, ""explicit-metadata"": 4}"
F^10,2,1,power-expression,"{""derived-notation"": 2}"
F^16,2,1,power-expression,"{""derived-notation"": 2}"
F^20,4,3,power-expression,"{""derived-notation"": 4}"
F^5,2,2,power-expression,"{""superscript-review"": 2}"
FP7,6,4,source-audit-codes,"{""source-locator-candidate"": 6}"
G15,83,30,g15-native,"{""single-candidate"": 83}"
g15,59,4,source-path-fragments,"{""single-candidate"": 57, ""explicit-metadata"": 2}"
G1800,61,10,g1800-family,"{""single-candidate"": 61}"
g1800,17,9,source-path-fragments,"{""explicit-metadata"": 10, ""single-candidate"": 7}"
g2,1,1,g2-word-spelling,"{""single-candidate"": 1}"
G21,2,2,source-audit-codes,"{""source-locator-candidate"": 2}"
G30,53,22,g30-original,"{""single-candidate"": 53}"
g30,4,2,source-path-fragments,"{""explicit-metadata"": 1, ""single-candidate"": 3}"
G4,13,5,g-family-4,"{""single-candidate"": 13}"
G5,13,5,g-family-5,"{""single-candidate"": 13}"
G6,13,5,g-family-6,"{""single-candidate"": 13}"
G60,167,61,g60-native,"{""single-candidate"": 167}"
g60,73,19,source-path-fragments,"{""explicit-metadata"": 48, ""single-candidate"": 25}"
G900,17,7,g900-associated,"{""single-candidate"": 17}"
g900,6,2,source-path-fragments,"{""explicit-metadata"": 2, ""single-candidate"": 4}"
G9000,85,5,g9000-registered,"{""single-candidate"": 85}"
g9000,19,2,source-path-fragments,"{""single-candidate"": 9, ""explicit-metadata"": 10}"
G^2,1,1,power-expression,"{""derived-notation"": 1}"
g^2,4,3,power-expression,"{""derived-notation"": 4}"
g^4,2,2,power-expression,"{""derived-notation"": 2}"
H0,5,3,v4-history-isotropy,"{""single-candidate"": 5}"
h0,6,3,initial-history-prefix,"{""single-candidate"": 6}"
H1,13,5,h1-homology;h2-history-variable;v4-history-isotropy,"{""ambiguous"": 13}"
h1,16,5,predictive-history-test-pair,"{""single-candidate"": 16}"
H12,6,4,h12-history-candidate,"{""single-candidate"": 6}"
H2,4,2,h2-history-variable;v4-history-isotropy,"{""ambiguous"": 4}"
h2,16,6,predictive-history-test-pair,"{""single-candidate"": 16}"
H35,6,3,source-h-locators,"{""source-locator-candidate"": 6}"
H40,1,1,h40-dart-incidence;source-h-locators,"{""ambiguous"": 1}"
h40,3,2,h40-dart-incidence;source-path-fragments,"{""explicit-metadata"": 2, ""single-candidate"": 1}"
H41,1,1,source-h-locators,"{""source-locator-candidate"": 1}"
H5,22,4,frame-hermitian-current,"{""single-candidate"": 22}"
H58,6,4,source-h-locators,"{""source-locator-candidate"": 6}"
H5^2,6,3,power-expression,"{""derived-notation"": 6}"
H61,1,1,source-h-locators,"{""source-locator-candidate"": 1}"
H65,1,1,source-h-locators,"{""source-locator-candidate"": 1}"
H67,3,2,source-h-locators,"{""source-locator-candidate"": 3}"
H69,3,1,source-h-locators,"{""source-locator-candidate"": 3}"
H71,2,2,source-h-locators,"{""source-locator-candidate"": 2}"
h^2,3,2,power-expression,"{""derived-notation"": 3}"
I1,5,1,identity-matrices;inertia-moments,"{""ambiguous"": 5}"
I12,7,2,identity-matrices,"{""single-candidate"": 7}"
I2,10,6,identity-matrices,"{""single-candidate"": 10}"
I20,1,1,identity-matrices;source-path-fragments,"{""explicit-metadata"": 1}"
I3,9,5,identity-matrices;inertia-moments,"{""ambiguous"": 9}"
I30,1,1,identity-matrices,"{""single-candidate"": 1}"
I4,2,2,identity-matrices,"{""single-candidate"": 2}"
I6,16,8,c2-axis-central;identity-matrices,"{""ambiguous"": 16}"
I60,4,4,identity-matrices,"{""single-candidate"": 4}"
I600,4,2,identity-matrices,"{""single-candidate"": 4}"
J2,15,4,history-clifford-j2,"{""single-candidate"": 15}"
J2^2,2,2,power-expression,"{""derived-notation"": 2}"
J5,24,4,frame-golden-involution,"{""single-candidate"": 24}"
J5^2,2,2,power-expression,"{""single-candidate"": 2}"
J^2,5,4,power-expression,"{""derived-notation"": 5}"
J^4,1,1,power-expression,"{""derived-notation"": 1}"
K1,6,6,quaternionic-face-axes;source-equation-codes,"{""single-candidate"": 3, ""explicit-metadata"": 3}"
K12,1,1,k12-complete-parent,"{""single-candidate"": 1}"
K120,35,12,k120-common-cover;k120-group-locator;source-equation-codes,"{""ambiguous"": 34, ""explicit-metadata"": 1}"
K1800,9,1,c4-g1800;g1800-operator,"{""ambiguous"": 9}"
K1800^4,1,1,power-expression,"{""derived-notation"": 1}"
K2,7,6,k2-edge;quaternionic-face-axes;source-equation-codes,"{""ambiguous"": 4, ""explicit-metadata"": 3}"
k22,4,2,source-path-fragments,"{""explicit-metadata"": 2, ""single-candidate"": 2}"
K3,5,5,quaternionic-face-axes;source-equation-codes,"{""explicit-metadata"": 3, ""single-candidate"": 2}"
K4,11,11,k4-matching;source-equation-codes,"{""single-candidate"": 8, ""explicit-metadata"": 3}"
K5,42,5,frame-contrast;history-fivefold-contrast;source-equation-codes,"{""ambiguous"": 41, ""explicit-metadata"": 1}"
K5^2,4,4,power-expression,"{""single-candidate"": 4}"
K6,2,1,k6-component,"{""single-candidate"": 2}"
K^2,2,2,power-expression,"{""derived-notation"": 2}"
K^4,2,2,power-expression,"{""derived-notation"": 2}"
L0,26,1,reference-lines,"{""single-candidate"": 26}"
L1,27,2,cartan-inert-lines;reference-lines,"{""ambiguous"": 27}"
L2,8,6,cartan-inert-lines;l2-field-space;source-path-fragments,"{""explicit-metadata"": 7, ""ambiguous"": 1}"
L3,9,1,top-l3,"{""single-candidate"": 9}"
L3^2,1,1,power-expression,"{""derived-notation"": 1}"
L^2,4,2,l2-field-space,"{""superscript-review"": 4}"
M0,1,1,wxyz-m-controls,"{""single-candidate"": 1}"
M1,10,10,source-equation-codes;wxyz-m-controls,"{""single-candidate"": 7, ""explicit-metadata"": 3}"
M2,4,4,matrix-algebras;source-equation-codes,"{""single-candidate"": 1, ""explicit-metadata"": 3}"
M3,3,3,source-equation-codes,"{""explicit-metadata"": 3}"
M4,11,11,m4-mode-set;source-equation-codes,"{""single-candidate"": 7, ""explicit-metadata"": 4}"
M6,1,1,face-crown,"{""single-candidate"": 1}"
N0,2,2,n0-count-domain,"{""single-candidate"": 2}"
n0,2,1,escaped-string-fragment,"{""serialization-fragment"": 2}"
N015,5,2,source-census-codes;source-path-fragments,"{""explicit-metadata"": 5}"
N030,5,2,source-census-codes;source-path-fragments,"{""explicit-metadata"": 5}"
N060,16,3,source-census-codes;source-path-fragments,"{""explicit-metadata"": 16}"
N1,2,1,n1-registration-count,"{""single-candidate"": 2}"
n1,5,1,escaped-string-fragment,"{""serialization-fragment"": 5}"
N120,6,3,source-census-codes;source-path-fragments,"{""explicit-metadata"": 6}"
N^2,2,2,power-expression,"{""derived-notation"": 2}"
O(2),7,6,o2-surface-envelope;rotor-o2,"{""ambiguous"": 7}"
O48,1,1,source-audit-codes,"{""source-locator-candidate"": 1}"
P0,10,4,frame-common-projector;p01-line-partitions,"{""ambiguous"": 10}"
P1,1,1,p01-line-partitions,"{""single-candidate"": 1}"
p1,2,2,source-path-fragments,"{""single-candidate"": 1, ""explicit-metadata"": 1}"
p3,1,1,source-path-fragments,"{""single-candidate"": 1}"
P^2,1,1,power-expression,"{""derived-notation"": 1}"
q1,5,1,cartan-charge-coefficients,"{""single-candidate"": 5}"
q15,3,2,quotient-q15,"{""single-candidate"": 3}"
q2,5,1,cartan-charge-coefficients,"{""single-candidate"": 5}"
Q30,30,13,q30-family,"{""single-candidate"": 30}"
q30,3,2,quotient-q30,"{""single-candidate"": 3}"
Q8,2,1,q8-lifted-holonomy,"{""single-candidate"": 2}"
Q^2,1,1,power-expression,"{""derived-notation"": 1}"
q^2,1,1,power-expression,"{""derived-notation"": 1}"
R0,100,4,kernel-reverse,"{""single-candidate"": 100}"
r0,10,7,history-primitive-family,"{""single-candidate"": 10}"
R1,99,4,kernel-reverse,"{""single-candidate"": 99}"
r1,124,33,history-primitive-family;r-indexed-receipts;r1-history-class;r1-native-residual;source-path-fragments,"{""ambiguous"": 114, ""explicit-metadata"": 10}"
R2,6,3,real-spaces,"{""single-candidate"": 6}"
r2,7,5,history-primitive-family;r-indexed-receipts,"{""ambiguous"": 7}"
R3,1,1,analyzer-r3;real-spaces,"{""ambiguous"": 1}"
r3,4,1,cellular-r3-word,"{""single-candidate"": 4}"
R5,10,3,frame-current-sign;real-spaces,"{""ambiguous"": 10}"
r5,8,1,frame-sign-values,"{""single-candidate"": 8}"
R5^2,1,1,power-expression,"{""derived-notation"": 1}"
R6,4,1,real-spaces,"{""single-candidate"": 4}"
R^1800,2,2,power-expression,"{""derived-notation"": 2}"
R^3,4,3,real-spaces,"{""superscript-review"": 4}"
R^4,2,1,power-expression,"{""derived-notation"": 2}"
r^4,3,3,power-expression,"{""superscript-review"": 3}"
R^8,3,2,power-expression,"{""derived-notation"": 3}"
RP2,1,1,rotor-projective-base,"{""single-candidate"": 1}"
S0,7,5,phase-cosets,"{""single-candidate"": 7}"
S1,58,9,circle-space;phase-cosets;s1-residual-reflection;source-equation-codes,"{""explicit-metadata"": 1, ""ambiguous"": 57}"
s1,9,6,source-path-fragments,"{""explicit-metadata"": 8, ""single-candidate"": 1}"
S10,6,6,source-equation-codes,"{""explicit-metadata"": 6}"
S11,18,6,source-equation-codes,"{""explicit-metadata"": 18}"
S12,1,1,s12-phase-set;twelve-face-phases,"{""ambiguous"": 1}"
S15,6,6,source-equation-codes,"{""explicit-metadata"": 6}"
S17,12,6,source-equation-codes,"{""explicit-metadata"": 12}"
S2,6,2,phase-cosets;s2-twin-reflection;source-equation-codes,"{""explicit-metadata"": 1, ""ambiguous"": 5}"
S20,6,6,source-equation-codes,"{""explicit-metadata"": 6}"
S22,18,6,source-equation-codes,"{""explicit-metadata"": 18}"
S23,6,6,source-equation-codes,"{""explicit-metadata"": 6}"
S25,6,6,source-equation-codes,"{""explicit-metadata"": 6}"
S26,6,6,source-equation-codes,"{""explicit-metadata"": 6}"
S28,6,6,source-equation-codes,"{""explicit-metadata"": 6}"
S3,51,20,phase-cosets;s3-abstract-klein;s3-mode;s3-monodromy;s3-section;source-equation-codes,"{""ambiguous"": 45, ""explicit-metadata"": 6}"
s3,1,1,source-path-fragments,"{""explicit-metadata"": 1}"
S32,6,6,source-equation-codes,"{""explicit-metadata"": 6}"
S4,7,7,source-equation-codes,"{""explicit-metadata"": 7}"
S40,6,6,source-equation-codes,"{""explicit-metadata"": 6}"
S5,57,29,s5-analyzer-sectors;s5-native-quotient;s5-six-axes;source-equation-codes,"{""ambiguous"": 50, ""explicit-metadata"": 7}"
s5,488,2,frame-sign-values;s5-native-quotient,"{""ambiguous"": 488}"
S6,6,6,source-equation-codes,"{""explicit-metadata"": 6}"
S7,13,7,source-equation-codes,"{""explicit-metadata"": 13}"
S^2,20,9,rotor-sphere,"{""superscript-review"": 20}"
s^2,5,5,power-expression,"{""derived-notation"": 5}"
S^3,2,2,power-expression,"{""derived-notation"": 2}"
S^4,2,2,power-expression,"{""derived-notation"": 2}"
S^5,1,1,power-expression,"{""superscript-review"": 1}"
s^5,1,1,power-expression,"{""derived-notation"": 1}"
SO(2),18,9,rotor-so2,"{""single-candidate"": 18}"
SO(3),16,8,rotor-so3,"{""single-candidate"": 16}"
SU(2),7,4,su2-face-derived,"{""single-candidate"": 7}"
SU2,5,3,su2-face-derived,"{""single-candidate"": 5}"
SU3,1,1,su3-target,"{""single-candidate"": 1}"
SU4,1,1,su4-target,"{""single-candidate"": 1}"
T0,87,2,kernel-identity-relation,"{""single-candidate"": 87}"
T01,2,1,t01-edge-connection,"{""single-candidate"": 2}"
T1,3,3,quaternionic-normalized-generators,"{""single-candidate"": 3}"
t1,3,1,torsor-t-variables,"{""single-candidate"": 3}"
T10,19,5,t01-edge-connection;t10-native-macro,"{""ambiguous"": 19}"
T10^10,1,1,power-expression,"{""derived-notation"": 1}"
T10^5,1,1,power-expression,"{""derived-notation"": 1}"
T12,12,4,t12-macro,"{""single-candidate"": 12}"
T2,2,2,quaternionic-normalized-generators,"{""single-candidate"": 2}"
t2,3,1,torsor-t-variables,"{""single-candidate"": 3}"
T^10,2,1,power-expression,"{""derived-notation"": 2}"
T^2,2,2,power-expression,"{""derived-notation"": 2}"
T^3,4,2,periodic-t3,"{""superscript-review"": 4}"
T^5,1,1,power-expression,"{""derived-notation"": 1}"
U(1),24,9,u1-anchor-first;u1-anchor-second;u1-face-center,"{""ambiguous"": 24}"
U(2),21,9,u2-face-envelope,"{""single-candidate"": 21}"
u0,60,1,paired-coordinate-flags,"{""single-candidate"": 60}"
U1,21,10,u1-anchor-first;u1-anchor-second;u1-face-center,"{""ambiguous"": 21}"
u1,105,10,paired-coordinate-flags;source-path-fragments,"{""explicit-metadata"": 41, ""single-candidate"": 64}"
U2,30,11,frame-multiplier;u2-face-envelope,"{""ambiguous"": 30}"
u2,50,11,paired-coordinate-flags;source-path-fragments,"{""explicit-metadata"": 43, ""single-candidate"": 7}"
v0,64,3,paired-coordinate-flags;source-audit-codes,"{""ambiguous"": 64}"
v1,334,20,paired-coordinate-flags;source-audit-codes;source-path-fragments,"{""explicit-metadata"": 274, ""ambiguous"": 60}"
V144,2,2,frame-harmonic-144,"{""single-candidate"": 2}"
V4,121,33,v4-connection-gauge;v4-cover-center;v4-face-compatibility;v4-fp-kernel;v4-history-isotropy;v4-kernel-coordinate;v4-native;v4-relational-subgroup;v4-root-projective;v4-section-coordinate;v4-surface-holonomy;v4-voltage,"{""ambiguous"": 121}"
v4,24,13,source-path-fragments,"{""explicit-metadata"": 8, ""single-candidate"": 16}"
V4^2,1,1,power-expression,"{""derived-notation"": 1}"
V72,2,2,frame-harmonic-72,"{""single-candidate"": 2}"
W1,4,4,source-equation-codes,"{""source-locator-candidate"": 3, ""explicit-metadata"": 1}"
W2,4,4,source-equation-codes,"{""source-locator-candidate"": 3, ""explicit-metadata"": 1}"
W4,29,1,w4-winding,"{""single-candidate"": 29}"
W5,1,1,w5-transverse,"{""single-candidate"": 1}"
x0,2,1,coordinate-variables,"{""single-candidate"": 2}"
x012,12,1,source-census-codes,"{""source-locator-candidate"": 12}"
x1,19,6,cellular-generators;coordinate-variables,"{""ambiguous"": 19}"
X12,18,9,x12-kernel;x12-sections,"{""ambiguous"": 18}"
X12^2,1,1,power-expression,"{""derived-notation"": 1}"
x1^2,3,1,power-expression,"{""derived-notation"": 3}"
x1^4,2,1,power-expression,"{""derived-notation"": 2}"
x2,8,4,cellular-generators;coordinate-variables,"{""ambiguous"": 8}"
x210,12,1,source-census-codes,"{""source-locator-candidate"": 12}"
X3,1,1,three-section-coordinate,"{""single-candidate"": 1}"
x3,2,1,cellular-generators,"{""single-candidate"": 2}"
X4,1,1,v4-section-coordinate,"{""single-candidate"": 1}"
x4,1,1,cellular-generators,"{""single-candidate"": 1}"
y1,2,1,coordinate-variables,"{""single-candidate"": 2}"
y2,5,2,coordinate-variables,"{""single-candidate"": 5}"
z0,4,2,coordinate-variables,"{""single-candidate"": 4}"
Z2,7,6,residue-spaces,"{""single-candidate"": 7}"
Z3,9,7,analyzer-z3;c3-kernel;residue-spaces,"{""ambiguous"": 9}"
Z4,1,1,residue-spaces,"{""single-candidate"": 1}"
Z5,25,4,frame-sector-exchange;residue-spaces,"{""ambiguous"": 25}"
Z5^2,4,4,power-expression,"{""derived-notation"": 4}"
Z6,1,1,residue-spaces;wxyz-six-position,"{""ambiguous"": 1}"
Z^2,2,2,power-expression,"{""derived-notation"": 2}"
z^2,3,3,power-expression,"{""derived-notation"": 3}"
Z^3,1,1,integer-lattices,"{""superscript-review"": 1}"
Z^4,2,1,integer-lattices,"{""superscript-review"": 2}"
Z^9,1,1,integer-lattices,"{""superscript-review"": 1}"
